{"cameraMode":{"drawMode":0,"name":"Shaded","section":"Shading Mode"},"sceneLighting":false,"audioPlay":false,"sceneViewState":{"m_AlwaysRefresh":false,"showFog":false,"showSkybox":false,"showFlares":false,"showImageEffects":false,"showParticleSystems":false,"showVisualEffectGraphs":true,"m_FxEnabled":true},"in2DMode":false,"pivot":{"x":-1.1920928955078126e-7,"y":0.8042784929275513,"z":0.004057765007019043},"rotation":{"x":-0.3200209438800812,"y":0.01761818490922451,"z":-0.005952230654656887,"w":-0.9472296833992004},"size":1.1577266454696656,"orthographic":false}